evaluator_name,evaluator_expertise,prompt_idx,model_a_clarity,model_a_appropriateness,model_a_accuracy,model_a_consistency,model_a_empathy,model_b_clarity,model_b_appropriateness,model_b_accuracy,model_b_consistency,model_b_empathy,model_c_clarity,model_c_appropriateness,model_c_accuracy,model_c_consistency,model_c_empathy,notes
Rater_2,Other,0,3,3,5,3,3,1,4,4,2,2,1,4,4,1,3,"Model C gives a longer, more elaborate completion with two sentences. It may be slightly too assumptive about what the person wants and adds detail the user never specified."
Rater_2,Other,1,3,4,2,1,4,3,4,4,1,1,4,3,1,1,3,
Rater_2,Other,2,4,3,4,2,1,4,1,3,5,3,3,5,2,3,3,
Rater_2,Other,3,2,3,3,5,2,3,3,2,3,1,3,1,3,3,4,
Rater_2,Other,4,3,4,5,5,1,4,5,5,3,1,3,2,2,2,2,
Rater_2,Other,5,3,2,3,2,3,5,4,4,3,4,3,5,4,3,1,
Rater_2,Other,6,3,3,2,2,4,4,1,3,3,1,5,2,5,3,1,
Rater_2,Other,7,3,4,3,1,2,3,4,3,3,1,3,3,3,3,1,
Rater_2,Other,8,3,3,5,2,3,3,4,3,2,2,3,1,1,2,3,
Rater_2,Other,9,4,4,5,1,2,4,4,5,4,2,3,2,2,2,4,
Rater_2,Other,10,3,3,3,5,2,4,5,2,2,3,3,2,3,2,2,
Rater_2,Other,11,3,2,2,2,2,5,4,3,3,1,4,2,2,3,1,
Rater_2,Other,12,4,1,2,2,1,5,4,4,3,1,4,2,2,2,3,
Rater_2,Other,13,3,2,3,1,2,4,5,4,2,3,2,3,3,2,2,
Rater_2,Other,14,3,3,1,3,5,2,1,2,3,2,4,2,1,3,1,
Rater_2,Other,15,3,3,1,2,3,3,2,1,3,3,3,5,4,3,3,
Rater_2,Other,16,4,3,2,2,1,4,3,1,2,3,4,2,3,3,1,
Rater_2,Other,17,4,3,3,2,3,4,3,4,3,3,2,3,3,5,1,
Rater_2,Other,18,1,1,3,4,3,2,3,2,1,1,3,1,4,3,1,
Rater_2,Other,19,3,1,4,3,4,2,2,4,1,2,4,4,3,3,2,
Rater_2,Other,20,4,4,2,2,4,4,2,1,4,2,1,2,4,4,3,
Rater_2,Other,21,3,3,4,4,2,5,3,4,2,3,2,3,3,2,4,
Rater_2,Other,22,3,3,2,3,3,4,2,3,4,2,2,4,3,3,1,
Rater_2,Other,23,3,3,3,2,3,3,3,2,1,2,4,3,5,3,2,
Rater_2,Other,24,2,5,1,1,2,1,2,3,1,1,3,3,3,3,1,
Rater_2,Other,25,4,2,3,1,2,2,3,4,3,2,2,4,3,2,2,
Rater_2,Other,26,2,4,4,3,2,2,1,1,2,2,3,2,1,1,2,
Rater_2,Other,27,2,2,4,4,2,3,3,3,4,1,2,4,3,4,3,
Rater_2,Other,28,3,4,3,3,3,3,3,3,1,3,4,5,4,2,1,
Rater_2,Other,29,1,3,2,2,3,2,1,5,3,3,1,2,4,1,2,
Rater_2,Other,30,2,4,3,3,2,3,2,5,3,2,3,4,4,3,3,
Rater_2,Other,31,3,3,3,2,3,3,2,3,2,3,4,3,4,4,2,
Rater_2,Other,32,4,3,4,4,2,2,4,3,2,1,3,2,2,3,3,
Rater_2,Other,33,3,3,2,5,3,5,2,2,3,1,2,2,4,2,3,
Rater_2,Other,34,3,3,2,2,2,2,3,4,2,3,4,2,3,4,4,
Rater_2,Other,35,3,3,2,4,1,2,1,4,2,2,4,2,5,2,2,
Rater_2,Other,36,3,3,2,1,1,1,1,1,4,2,5,4,1,2,3,
Rater_2,Other,37,4,4,5,4,4,3,4,5,2,2,2,3,3,2,3,
Rater_2,Other,38,1,2,3,2,1,3,3,5,3,3,3,2,2,3,2,
Rater_2,Other,39,3,2,4,3,3,2,3,3,2,2,3,4,4,3,3,
Rater_2,Other,40,3,2,2,5,1,4,3,3,2,1,3,3,2,2,5,
Rater_2,Other,41,1,3,2,3,3,4,3,1,3,3,3,4,4,2,4,
Rater_2,Other,42,2,2,2,3,3,2,3,1,3,3,3,4,2,4,1,
Rater_2,Other,43,2,5,3,5,2,4,3,2,4,2,3,3,3,2,3,
Rater_2,Other,44,5,4,3,4,2,2,2,5,2,1,2,5,2,1,2,
Rater_2,Other,45,2,3,3,3,2,3,4,3,1,2,3,2,4,1,2,
Rater_2,Other,46,2,3,2,3,3,2,2,3,1,1,3,4,3,3,2,
Rater_2,Other,47,2,5,3,2,3,2,3,2,2,2,3,1,2,3,2,
Rater_2,Other,48,4,3,2,1,3,3,3,3,3,2,2,1,3,3,2,
Rater_2,Other,49,1,2,3,3,1,2,1,2,2,5,2,2,2,3,2,
Rater_2,Other,50,4,2,2,2,3,3,3,2,5,3,3,3,3,3,2,
Rater_2,Other,51,3,2,3,2,3,3,3,2,5,2,2,3,3,3,2,
Rater_2,Other,52,3,2,4,3,3,2,1,1,2,4,3,2,3,5,3,
Rater_2,Other,53,1,2,3,2,2,4,3,2,3,3,2,3,3,2,3,
Rater_2,Other,54,3,3,3,3,2,4,3,2,4,4,2,3,2,1,1,
Rater_2,Other,55,3,4,4,3,1,2,4,1,2,1,3,4,3,2,2,
Rater_2,Other,56,3,4,3,1,1,4,3,2,2,2,3,3,2,2,2,
Rater_2,Other,57,2,3,2,1,5,3,3,1,2,2,4,3,3,3,2,
Rater_2,Other,58,3,4,4,2,2,3,2,2,3,3,3,3,3,2,3,
Rater_2,Other,59,3,2,2,4,2,4,3,4,3,3,3,3,5,4,3,
Rater_3,AI accessibility research,0,4,4,5,5,3,4,4,3,5,3,4,4,2,5,3,
Rater_4,Cognitive / intellectual disabilities,0,3,3,3,4,4,3,4,3,3,3,4,4,4,4,4,
Rater_4,Cognitive / intellectual disabilities,1,4,4,4,4,4,4,4,4,4,4,4,4,3,3,3,
Rater_3,AI accessibility research,1,4,4,5,5,4,4,4,3,3,2,2,4,5,3,4,
Rater_3,AI accessibility research,2,3,4,4,3,3,3,3,3,5,3,4,4,5,5,4,
Rater_4,Cognitive / intellectual disabilities,2,5,4,4,4,4,4,4,4,4,3,4,5,4,3,4,
Rater_3,AI accessibility research,3,4,3,3,4,4,5,5,3,4,3,4,5,3,4,3,
Rater_3,AI accessibility research,4,4,4,3,4,5,3,4,3,3,4,4,4,3,4,3,
Rater_4,Cognitive / intellectual disabilities,3,4,4,4,4,4,4,4,3,4,4,4,4,4,4,4,
Rater_3,AI accessibility research,5,3,4,4,5,5,3,4,3,5,5,4,4,4,3,3,
Rater_3,AI accessibility research,6,2,5,4,3,3,4,3,3,4,3,5,4,5,3,3,
Rater_3,AI accessibility research,7,3,3,4,3,3,4,4,5,5,5,4,5,5,3,5,
Rater_3,AI accessibility research,8,4,5,3,4,5,4,4,3,2,4,5,2,3,5,4,
Rater_4,Cognitive / intellectual disabilities,4,4,4,4,4,3,3,2,4,4,4,4,4,3,3,3,
Rater_3,AI accessibility research,9,4,5,2,3,4,3,5,4,5,2,3,5,4,4,4,
Rater_4,Cognitive / intellectual disabilities,5,4,4,4,4,4,5,4,4,4,4,4,4,4,5,4,
Rater_5,Cognitive / intellectual disabilities,0,5,5,5,5,5,5,5,5,5,5,5,5,5,5,5,
Rater_3,AI accessibility research,10,5,4,3,3,4,3,4,3,4,4,5,3,4,4,3,
Rater_4,Cognitive / intellectual disabilities,6,4,4,5,4,5,4,4,4,4,4,4,4,4,4,4,
Rater_3,AI accessibility research,11,4,4,5,4,4,4,4,4,3,5,3,4,4,3,5,
Rater_5,Cognitive / intellectual disabilities,1,5,5,5,5,5,5,5,5,5,5,5,5,5,5,5,
Rater_4,Cognitive / intellectual disabilities,7,4,4,4,4,4,4,4,4,4,3,4,4,4,3,3,
Rater_3,AI accessibility research,12,5,4,3,5,3,3,3,4,4,4,4,4,3,5,5,
Rater_3,AI accessibility research,13,5,4,3,5,3,3,3,4,4,4,4,4,3,5,5,
Rater_4,Cognitive / intellectual disabilities,8,4,4,5,4,4,4,4,4,4,4,4,4,4,4,4,
Rater_3,AI accessibility research,14,4,3,4,4,2,3,5,4,2,3,4,3,3,3,4,
Rater_4,Cognitive / intellectual disabilities,9,4,4,4,4,4,4,4,4,4,5,4,4,4,4,4,
Rater_6,AI accessibility research,0,4,5,5,3,4,5,5,4,5,4,5,4,5,5,3,
Rater_3,AI accessibility research,15,4,5,3,3,4,3,4,4,3,2,4,3,3,3,5,
Rater_5,Cognitive / intellectual disabilities,2,5,5,5,5,5,5,5,5,5,5,5,5,5,5,5,
Rater_4,Cognitive / intellectual disabilities,10,4,4,4,4,4,4,4,4,4,4,4,4,4,4,4,
Rater_3,AI accessibility research,16,3,5,5,3,2,3,5,4,3,3,3,5,3,4,4,
Rater_6,AI accessibility research,1,4,4,4,5,4,5,4,3,5,4,4,5,5,5,4,
Rater_3,AI accessibility research,17,4,3,5,3,3,3,5,5,3,2,4,5,3,2,3,
Rater_4,Cognitive / intellectual disabilities,11,4,4,4,4,4,4,4,4,4,4,5,4,4,4,4,
Rater_6,AI accessibility research,2,2,4,4,3,2,4,4,4,3,5,4,3,4,4,4,
Rater_3,AI accessibility research,18,3,5,3,4,4,2,4,4,4,2,4,3,3,3,3,
Rater_5,Cognitive / intellectual disabilities,3,5,5,5,5,5,5,5,5,5,5,5,5,5,5,5,
Rater_4,Cognitive / intellectual disabilities,12,4,4,4,4,4,4,4,4,4,4,4,4,4,4,4,
Rater_3,AI accessibility research,19,3,4,4,5,4,4,3,3,4,4,3,5,5,3,3,
Rater_4,Cognitive / intellectual disabilities,13,4,4,4,4,4,4,4,4,4,4,4,4,4,4,4,
Rater_3,AI accessibility research,20,4,3,4,3,5,4,2,5,3,4,4,4,3,3,3,
Rater_5,Cognitive / intellectual disabilities,4,5,5,5,5,5,5,5,5,5,5,5,5,5,5,5,
Rater_6,AI accessibility research,3,4,5,4,5,4,4,4,5,4,4,4,5,4,4,4,
Rater_3,AI accessibility research,21,3,4,4,4,5,3,4,2,3,3,3,4,3,4,2,
Rater_5,Cognitive / intellectual disabilities,5,5,5,5,5,5,5,5,5,5,5,5,5,5,5,5,
Rater_6,AI accessibility research,4,4,4,4,4,4,5,4,4,4,5,4,5,4,5,3,
Rater_4,Cognitive / intellectual disabilities,14,5,4,4,4,4,4,4,4,4,4,4,4,4,4,4,
Rater_3,AI accessibility research,22,4,5,3,3,4,4,3,4,4,3,5,4,4,3,4,
Rater_6,AI accessibility research,5,4,5,3,3,5,4,5,4,4,4,5,4,4,5,4,
Rater_5,Cognitive / intellectual disabilities,6,5,5,5,5,5,5,5,5,5,5,5,5,5,5,5,
Rater_3,AI accessibility research,23,3,5,4,3,3,3,4,4,5,5,3,4,3,5,4,
Rater_4,Cognitive / intellectual disabilities,15,4,4,4,4,4,4,4,4,4,4,4,4,4,4,4,
Rater_6,AI accessibility research,6,4,5,4,4,3,5,4,4,3,4,5,5,5,4,2,
Rater_3,AI accessibility research,24,3,5,4,4,2,3,4,3,3,4,4,3,4,4,5,
Rater_5,Cognitive / intellectual disabilities,7,5,5,5,5,5,5,5,5,5,5,5,5,5,5,5,
Rater_4,Cognitive / intellectual disabilities,16,4,4,4,4,4,4,5,4,4,4,4,4,4,4,4,
Rater_3,AI accessibility research,25,4,3,5,4,4,2,3,3,5,4,4,4,2,3,5,
Rater_3,AI accessibility research,26,3,4,4,3,4,3,3,4,4,3,3,5,4,4,4,
Rater_5,Cognitive / intellectual disabilities,8,5,5,5,5,5,5,5,5,5,5,5,5,5,5,5,
Rater_6,AI accessibility research,7,4,4,4,4,5,4,4,3,4,4,5,4,4,3,4,
Rater_4,Cognitive / intellectual disabilities,17,4,4,4,4,4,4,4,4,4,4,4,4,4,4,4,
Rater_3,AI accessibility research,27,4,3,3,5,3,4,3,4,4,4,4,4,4,5,5,
Rater_4,Cognitive / intellectual disabilities,18,4,4,4,4,4,4,4,4,4,4,4,4,4,4,4,
Rater_3,AI accessibility research,28,3,5,4,3,4,4,3,3,5,4,3,3,5,4,5,
Rater_6,AI accessibility research,8,4,5,4,4,4,4,3,4,5,5,5,4,4,3,3,
Rater_5,Cognitive / intellectual disabilities,9,5,5,5,5,5,5,5,5,5,5,5,5,5,5,5,
Rater_4,Cognitive / intellectual disabilities,19,4,4,4,4,4,4,4,4,4,4,4,4,4,4,4,
Rater_6,AI accessibility research,9,5,5,5,5,4,5,3,4,4,4,4,5,5,5,4,
Rater_3,AI accessibility research,29,5,4,5,5,3,4,3,5,4,4,4,5,5,3,4,
Rater_5,Cognitive / intellectual disabilities,10,5,5,5,5,5,5,5,5,5,5,5,5,5,5,5,
Rater_4,Cognitive / intellectual disabilities,20,4,4,4,4,4,4,4,4,4,4,5,5,5,5,5,
Rater_6,AI accessibility research,10,5,4,4,4,4,4,4,3,4,5,3,4,4,4,4,
Rater_3,AI accessibility research,30,4,4,4,5,3,4,3,5,3,4,4,5,4,4,5,
Rater_5,Cognitive / intellectual disabilities,11,5,5,5,5,5,5,5,5,5,5,5,5,5,5,5,
Rater_3,AI accessibility research,31,4,5,4,3,4,5,4,5,5,2,3,4,3,4,4,
Rater_6,AI accessibility research,11,4,5,4,5,5,3,5,5,5,3,5,3,5,3,5,
Rater_4,Cognitive / intellectual disabilities,21,4,4,4,4,4,4,4,4,4,4,4,4,4,4,4,
Rater_3,AI accessibility research,32,2,4,4,3,4,3,5,5,3,4,5,4,4,4,2,
Rater_4,Cognitive / intellectual disabilities,22,5,3,4,5,4,4,4,4,4,4,4,4,4,4,4,
Rater_6,AI accessibility research,12,4,5,5,4,4,5,5,5,4,4,4,5,4,5,4,
Rater_5,Cognitive / intellectual disabilities,12,5,5,5,5,5,5,5,5,5,5,5,5,5,5,5,
Rater_3,AI accessibility research,33,5,3,5,4,2,5,5,3,5,2,4,3,4,5,3,
Rater_4,Cognitive / intellectual disabilities,23,4,4,4,4,4,4,4,4,4,4,4,4,4,4,4,
Rater_3,AI accessibility research,34,3,4,5,3,4,5,2,5,3,3,5,3,3,3,5,
Rater_6,AI accessibility research,13,4,4,5,4,4,5,3,4,4,4,5,4,4,4,4,
Rater_5,Cognitive / intellectual disabilities,13,5,5,5,5,5,5,5,5,5,5,5,5,5,5,5,
Rater_3,AI accessibility research,35,3,5,3,4,4,3,5,4,4,2,3,3,4,5,4,
Rater_6,AI accessibility research,14,5,4,5,3,2,4,4,5,4,5,5,4,4,4,4,
Rater_4,Cognitive / intellectual disabilities,24,4,4,4,4,4,4,4,4,4,4,4,3,4,4,4,
Rater_7,Communication disabilities / AAC,0,3,3,3,3,3,4,3,3,3,3,5,4,3,4,3,
Rater_3,AI accessibility research,36,5,4,5,4,4,4,3,4,2,4,4,5,4,3,5,
Rater_4,Cognitive / intellectual disabilities,25,4,4,4,4,4,4,4,4,4,4,4,5,4,4,4,
Rater_6,AI accessibility research,15,5,5,4,4,4,5,4,3,4,5,5,4,4,4,5,
Rater_3,AI accessibility research,37,4,5,4,4,3,3,4,5,3,3,5,3,4,3,4,
Rater_5,Cognitive / intellectual disabilities,14,5,5,5,5,5,5,5,5,5,5,5,5,5,5,5,
Rater_4,Cognitive / intellectual disabilities,26,4,4,4,4,4,4,4,4,4,4,4,4,4,3,3,
Rater_7,Communication disabilities / AAC,1,4,4,2,3,3,2,3,3,4,3,3,3,3,3,3,
Rater_6,AI accessibility research,16,4,5,3,4,4,5,5,4,4,3,5,4,4,4,3,
Rater_3,AI accessibility research,38,4,3,3,5,3,5,3,5,4,3,4,3,4,5,5,
Rater_4,Cognitive / intellectual disabilities,27,5,4,4,4,5,4,4,4,4,4,4,3,4,4,4,
Rater_5,Cognitive / intellectual disabilities,15,5,5,5,5,5,5,5,5,5,5,5,5,5,5,5,
Rater_3,AI accessibility research,39,4,5,3,5,3,3,3,5,4,3,3,4,3,4,4,
Rater_6,AI accessibility research,17,5,4,5,3,4,5,4,4,5,5,4,4,5,5,3,
Rater_4,Cognitive / intellectual disabilities,28,4,4,4,3,4,4,5,4,4,4,4,4,4,4,4,
Rater_3,AI accessibility research,40,4,3,5,4,4,4,3,3,5,3,4,2,3,3,4,
Rater_5,Cognitive / intellectual disabilities,16,5,4,5,5,5,5,5,5,5,5,5,5,5,5,4,
Rater_7,Communication disabilities / AAC,2,4,4,3,3,4,3,4,1,3,4,3,3,3,3,2,
Rater_6,AI accessibility research,18,4,5,4,3,4,4,5,5,4,5,5,4,4,3,4,
Rater_3,AI accessibility research,41,5,3,3,4,3,3,4,3,3,5,4,3,5,3,4,
Rater_7,Communication disabilities / AAC,3,2,2,3,2,3,3,2,2,2,3,3,3,4,2,2,
Rater_5,Cognitive / intellectual disabilities,17,5,4,5,5,5,5,5,5,5,5,5,5,5,5,4,
Rater_6,AI accessibility research,19,5,4,2,2,3,4,5,4,3,3,5,5,5,3,4,
Rater_4,Cognitive / intellectual disabilities,29,4,4,4,4,4,4,4,4,4,4,4,4,4,4,4,
Rater_3,AI accessibility research,42,3,4,4,4,3,5,3,4,3,4,4,3,5,3,5,
Rater_7,Communication disabilities / AAC,4,4,2,2,2,2,1,1,2,2,1,3,2,3,2,1,
Rater_6,AI accessibility research,20,3,4,4,3,5,5,3,2,3,5,4,3,4,4,4,
Rater_5,Cognitive / intellectual disabilities,18,5,5,5,4,4,3,4,5,4,4,3,5,4,4,4,
Rater_4,Cognitive / intellectual disabilities,30,4,5,5,5,5,5,5,5,5,5,5,5,5,5,5,
Rater_7,Communication disabilities / AAC,5,3,3,3,2,3,2,3,3,3,3,2,3,3,3,2,
Rater_3,AI accessibility research,43,4,5,5,4,5,3,5,3,4,4,3,4,4,4,3,
Rater_4,Cognitive / intellectual disabilities,31,5,5,5,5,5,5,5,5,5,5,5,5,5,5,5,
Rater_7,Communication disabilities / AAC,6,5,3,3,3,1,2,3,2,2,3,2,2,2,3,2,
Rater_5,Cognitive / intellectual disabilities,19,3,4,2,4,4,3,4,4,4,4,2,5,4,4,4,
Rater_6,AI accessibility research,21,5,4,4,5,4,5,5,5,3,5,3,3,2,4,4,
Rater_3,AI accessibility research,44,5,4,4,3,4,3,4,3,3,4,4,3,3,4,3,
Rater_7,Communication disabilities / AAC,7,3,2,2,2,2,2,2,3,3,3,3,2,2,2,2,
Rater_4,Cognitive / intellectual disabilities,32,5,5,5,5,5,5,5,5,5,5,5,5,5,5,5,
Rater_3,AI accessibility research,45,4,4,4,3,3,4,3,5,5,4,4,3,3,4,4,
Rater_7,Communication disabilities / AAC,8,3,3,1,3,4,3,3,4,3,3,2,2,5,5,3,
Rater_5,Cognitive / intellectual disabilities,20,5,4,4,5,3,5,5,4,3,3,3,4,5,4,4,
Rater_6,AI accessibility research,22,5,4,4,3,5,5,4,4,4,4,5,4,2,5,5,
Rater_7,Communication disabilities / AAC,9,2,2,4,3,3,2,1,3,5,4,2,1,5,4,4,
Rater_4,Cognitive / intellectual disabilities,33,5,5,5,5,5,5,5,5,5,5,5,4,4,4,4,
Rater_3,AI accessibility research,46,5,3,4,4,3,3,3,4,4,5,4,4,3,5,5,
Rater_5,Cognitive / intellectual disabilities,21,2,3,4,3,4,4,4,4,3,3,2,4,4,4,4,
Rater_7,Communication disabilities / AAC,10,2,2,2,2,2,2,2,2,2,2,2,2,5,4,2,
Rater_4,Cognitive / intellectual disabilities,34,4,4,4,4,4,4,4,4,3,4,4,4,4,4,4,
Rater_6,AI accessibility research,23,4,4,4,4,5,4,5,4,4,4,4,4,3,2,4,
Rater_3,AI accessibility research,47,4,5,5,3,3,4,5,5,3,4,4,4,5,5,5,
Rater_7,Communication disabilities / AAC,11,2,1,1,2,2,1,2,1,2,2,3,3,1,2,1,
Rater_5,Cognitive / intellectual disabilities,22,3,4,4,4,3,3,4,4,3,4,2,3,4,3,4,
Rater_7,Communication disabilities / AAC,12,2,4,3,5,5,3,3,2,5,4,3,2,3,4,5,
Rater_4,Cognitive / intellectual disabilities,35,5,5,5,3,3,4,4,4,4,3,4,3,5,5,5,
Rater_5,Cognitive / intellectual disabilities,23,2,4,4,4,4,2,4,4,4,4,3,4,4,3,4,
Rater_6,AI accessibility research,24,5,4,4,3,3,3,4,3,3,3,4,5,5,3,3,
Rater_3,AI accessibility research,48,3,4,3,3,3,4,3,4,4,5,4,3,3,5,5,
Rater_7,Communication disabilities / AAC,13,2,3,1,3,2,3,2,2,4,4,5,2,1,2,3,
Rater_4,Cognitive / intellectual disabilities,36,4,5,4,5,4,4,4,4,4,4,4,5,3,4,4,
Rater_7,Communication disabilities / AAC,14,1,4,5,5,5,2,1,2,2,2,2,1,5,3,2,
Rater_5,Cognitive / intellectual disabilities,24,4,4,3,3,4,4,5,4,4,4,2,3,4,4,4,
Rater_3,AI accessibility research,49,5,3,4,4,3,4,3,5,2,3,5,4,4,3,4,
Rater_6,AI accessibility research,25,5,3,2,4,4,5,5,4,4,3,4,4,4,4,4,
Rater_7,Communication disabilities / AAC,15,2,2,4,4,4,3,3,5,5,4,3,2,2,2,2,
Rater_4,Cognitive / intellectual disabilities,37,5,5,5,5,4,5,4,4,5,4,5,3,5,5,3,
Rater_3,AI accessibility research,50,5,3,5,4,4,4,5,4,2,5,4,4,4,4,4,
Rater_5,Cognitive / intellectual disabilities,25,2,5,4,4,3,2,4,4,3,4,3,4,4,4,4,
Rater_7,Communication disabilities / AAC,16,2,2,2,1,2,2,1,1,1,2,1,2,2,2,2,
Rater_6,AI accessibility research,26,5,3,2,3,3,4,4,5,3,3,4,3,4,5,4,
Rater_4,Cognitive / intellectual disabilities,38,3,3,5,2,3,4,4,4,5,3,3,5,5,5,5,
Rater_3,AI accessibility research,51,5,3,5,5,5,5,4,3,3,5,5,4,4,4,5,
Rater_7,Communication disabilities / AAC,17,2,2,2,1,2,1,1,2,2,2,1,2,1,1,1,
Rater_3,AI accessibility research,52,5,3,5,5,5,5,4,3,3,5,5,4,4,4,5,
Rater_5,Cognitive / intellectual disabilities,26,4,5,5,4,4,2,4,4,4,4,2,4,4,3,4,
Rater_4,Cognitive / intellectual disabilities,39,5,4,4,3,4,4,5,3,4,4,4,4,4,3,4,
Rater_7,Communication disabilities / AAC,18,2,1,1,2,2,2,4,2,2,2,2,2,3,5,5,
Rater_6,AI accessibility research,27,4,4,5,4,3,4,4,4,4,4,4,3,5,4,5,
Rater_3,AI accessibility research,53,3,4,4,5,4,5,3,3,5,3,4,4,5,3,4,
Rater_5,Cognitive / intellectual disabilities,27,2,5,4,4,4,3,4,3,3,3,3,3,4,3,3,
Rater_7,Communication disabilities / AAC,19,2,2,2,2,2,2,1,2,2,2,1,1,2,2,1,
Rater_3,AI accessibility research,54,3,5,4,4,4,4,3,3,5,4,5,5,3,4,4,
Rater_7,Communication disabilities / AAC,20,3,2,5,5,5,2,1,5,4,4,2,2,3,1,2,
Rater_3,AI accessibility research,55,5,4,5,3,5,5,4,5,5,3,5,4,3,3,5,
Rater_4,Cognitive / intellectual disabilities,40,4,4,4,4,4,4,3,3,3,4,4,4,5,4,4,
Rater_6,AI accessibility research,28,5,5,3,3,2,5,4,3,3,4,4,4,3,3,3,
Rater_5,Cognitive / intellectual disabilities,28,1,3,4,4,4,3,4,3,4,4,3,3,4,3,3,
Rater_7,Communication disabilities / AAC,21,2,2,4,5,2,1,3,5,5,4,2,5,4,3,2,
Rater_3,AI accessibility research,56,4,5,5,4,3,4,3,4,4,3,4,4,5,3,4,
Rater_7,Communication disabilities / AAC,22,2,4,4,2,2,2,1,2,2,2,1,1,3,2,2,
Rater_5,Cognitive / intellectual disabilities,29,2,4,4,3,4,4,4,5,3,3,3,3,4,3,4,
Rater_4,Cognitive / intellectual disabilities,41,4,4,4,4,4,4,4,4,4,4,4,4,4,4,4,
Rater_6,AI accessibility research,29,5,4,3,3,2,4,3,4,4,3,3,4,3,4,4,
Rater_3,AI accessibility research,57,4,3,3,5,3,5,3,4,4,5,5,4,3,3,4,
Rater_7,Communication disabilities / AAC,23,2,2,5,5,4,5,2,2,2,2,1,1,2,2,1,
Rater_7,Communication disabilities / AAC,24,2,1,4,2,2,2,1,2,2,2,2,2,1,1,2,
Rater_5,Cognitive / intellectual disabilities,30,4,3,4,4,3,2,2,5,3,3,3,3,5,3,3,
Rater_6,AI accessibility research,30,5,4,4,3,3,4,5,4,5,3,4,4,4,4,4,
Rater_3,AI accessibility research,58,4,4,3,5,4,3,4,4,5,3,4,5,5,3,5,
Rater_7,Communication disabilities / AAC,25,2,2,2,2,2,2,2,2,2,2,2,2,5,4,3,
Rater_4,Cognitive / intellectual disabilities,42,4,4,4,4,4,4,4,4,4,4,4,4,4,4,4,
Rater_7,Communication disabilities / AAC,26,3,1,2,2,1,2,1,2,2,2,1,2,3,4,2,
Rater_5,Cognitive / intellectual disabilities,31,4,3,4,4,3,3,5,5,3,3,3,4,4,2,3,
Rater_3,AI accessibility research,59,4,5,5,4,4,4,5,5,5,3,4,5,3,5,4,
Rater_6,AI accessibility research,31,4,5,3,5,3,4,5,3,5,4,4,4,4,4,4,
Rater_7,Communication disabilities / AAC,27,2,2,2,2,2,2,2,2,2,3,2,2,3,2,3,
Rater_5,Cognitive / intellectual disabilities,32,2,5,4,4,4,5,3,4,3,4,3,5,4,3,4,
Rater_4,Cognitive / intellectual disabilities,43,4,4,3,4,4,4,4,4,4,4,4,4,4,4,4,
Rater_7,Communication disabilities / AAC,28,2,1,2,3,2,2,2,1,2,2,1,1,1,2,2,
Rater_6,AI accessibility research,32,4,4,5,4,4,5,4,5,4,4,4,4,3,4,2,
Rater_7,Communication disabilities / AAC,29,3,2,1,1,2,1,2,2,2,3,2,2,2,2,2,
Rater_4,Cognitive / intellectual disabilities,44,4,4,4,4,4,4,4,4,4,3,4,4,3,2,2,
Rater_5,Cognitive / intellectual disabilities,33,3,4,4,4,3,4,4,4,3,3,3,3,3,4,3,
Rater_7,Communication disabilities / AAC,30,2,3,3,2,2,1,1,4,3,2,2,2,2,1,1,
Rater_5,Cognitive / intellectual disabilities,34,2,3,4,4,3,3,4,4,3,3,3,5,5,3,3,
Rater_4,Cognitive / intellectual disabilities,45,4,4,4,4,3,4,4,4,3,2,3,3,4,3,3,
Rater_6,AI accessibility research,33,4,4,3,5,4,5,4,5,4,4,5,4,4,5,2,
Rater_7,Communication disabilities / AAC,31,2,1,2,1,2,2,2,2,1,2,2,2,2,2,1,
Rater_5,Cognitive / intellectual disabilities,35,3,5,4,4,3,3,4,4,4,3,2,4,3,3,3,
Rater_7,Communication disabilities / AAC,32,2,2,2,2,2,2,1,2,2,2,1,2,2,2,2,
Rater_4,Cognitive / intellectual disabilities,46,4,3,3,4,3,4,2,4,4,3,3,3,3,4,4,
Rater_7,Communication disabilities / AAC,33,2,2,2,2,2,2,2,2,2,2,2,2,3,2,2,
Rater_6,AI accessibility research,34,4,4,4,4,3,4,3,4,4,3,5,4,4,4,4,
Rater_5,Cognitive / intellectual disabilities,36,3,4,4,3,3,3,4,4,3,3,3,3,4,3,3,
Rater_7,Communication disabilities / AAC,34,2,1,3,2,2,2,2,2,2,2,2,2,1,2,3,
Rater_4,Cognitive / intellectual disabilities,47,4,4,3,3,4,3,3,2,2,3,4,5,3,4,4,
Rater_6,AI accessibility research,35,5,4,4,4,3,4,4,4,4,4,5,5,4,4,3,
Rater_7,Communication disabilities / AAC,35,2,1,2,2,2,2,1,1,4,4,2,1,2,2,2,
Rater_5,Cognitive / intellectual disabilities,37,4,5,5,4,4,4,4,4,3,4,3,3,4,3,3,
Rater_7,Communication disabilities / AAC,36,2,3,3,2,1,2,3,3,2,2,2,2,2,2,1,
Rater_4,Cognitive / intellectual disabilities,48,4,4,3,4,4,4,4,4,4,4,4,4,4,4,4,
Rater_5,Cognitive / intellectual disabilities,38,2,3,4,3,3,4,4,3,3,3,2,4,4,3,3,
Rater_6,AI accessibility research,36,1,4,4,4,3,4,4,3,4,4,5,4,4,3,4,
Rater_7,Communication disabilities / AAC,37,3,3,3,3,2,3,2,2,2,3,2,3,2,1,2,
Rater_7,Communication disabilities / AAC,38,2,2,3,2,2,2,2,3,3,2,3,3,3,2,2,
Rater_6,AI accessibility research,37,3,4,3,5,4,4,4,5,5,2,4,5,4,2,3,
Rater_5,Cognitive / intellectual disabilities,39,2,3,5,3,2,2,3,4,3,4,2,3,4,3,4,
Rater_7,Communication disabilities / AAC,39,3,3,3,3,3,3,2,2,2,3,2,2,3,1,3,
Rater_4,Cognitive / intellectual disabilities,49,5,4,4,4,3,4,4,4,4,3,5,3,5,5,5,
Rater_7,Communication disabilities / AAC,40,3,2,2,3,2,2,2,2,1,2,3,3,2,2,2,
Rater_4,Cognitive / intellectual disabilities,50,5,5,4,5,5,4,4,3,4,4,4,4,4,4,4,
Rater_6,AI accessibility research,38,4,5,4,3,3,4,3,4,4,3,3,5,5,3,4,
Rater_5,Cognitive / intellectual disabilities,40,2,5,4,3,3,3,2,4,3,4,3,4,3,3,3,
Rater_7,Communication disabilities / AAC,41,2,2,2,5,2,2,2,1,5,2,1,2,1,5,4,
Rater_7,Communication disabilities / AAC,42,2,2,2,3,2,2,1,1,2,2,3,2,4,2,3,
Rater_4,Cognitive / intellectual disabilities,51,4,3,4,4,4,4,4,4,4,4,4,4,4,4,4,
Rater_6,AI accessibility research,39,4,5,4,4,4,5,5,3,4,4,5,3,5,5,4,
Rater_5,Cognitive / intellectual disabilities,41,2,5,5,3,3,3,5,5,3,2,2,4,3,3,3,
Rater_7,Communication disabilities / AAC,43,2,1,1,3,2,2,2,3,1,3,2,2,2,2,1,
Rater_7,Communication disabilities / AAC,44,2,3,2,3,3,3,3,3,3,2,2,2,1,3,2,
Rater_4,Cognitive / intellectual disabilities,52,4,4,4,4,3,4,4,4,4,3,4,4,4,4,3,
Rater_6,AI accessibility research,40,5,3,4,4,3,4,5,3,3,4,4,5,5,4,3,
Rater_7,Communication disabilities / AAC,45,3,1,2,5,2,1,1,1,5,3,1,1,2,4,3,
Rater_5,Cognitive / intellectual disabilities,42,3,2,4,3,3,3,5,3,3,3,2,5,4,3,3,
Rater_7,Communication disabilities / AAC,46,2,2,2,3,2,2,2,2,3,2,3,3,2,3,2,
Rater_4,Cognitive / intellectual disabilities,53,4,4,4,5,3,4,4,4,4,4,3,3,3,2,4,
Rater_6,AI accessibility research,41,3,5,4,3,2,4,5,4,2,3,5,4,3,3,4,
Rater_5,Cognitive / intellectual disabilities,43,3,2,4,4,4,4,4,4,3,3,2,3,4,3,3,
Rater_7,Communication disabilities / AAC,47,4,2,2,3,2,2,2,2,2,2,2,2,2,2,3,
Rater_7,Communication disabilities / AAC,48,2,2,2,2,2,2,2,2,2,2,2,2,2,2,2,
Rater_5,Cognitive / intellectual disabilities,44,3,4,4,4,3,3,5,5,3,3,2,3,4,3,3,
Rater_7,Communication disabilities / AAC,49,2,2,3,3,2,2,1,2,3,2,2,2,4,3,3,
Rater_6,AI accessibility research,42,5,4,4,3,3,3,4,3,2,4,4,4,4,4,4,
Rater_4,Cognitive / intellectual disabilities,54,4,4,3,4,3,3,5,4,4,4,3,3,3,3,3,
Rater_7,Communication disabilities / AAC,50,2,2,3,3,2,2,2,3,3,3,3,1,2,2,3,
Rater_5,Cognitive / intellectual disabilities,45,2,1,4,3,3,3,4,4,3,3,3,3,4,3,3,
Rater_7,Communication disabilities / AAC,51,3,2,3,2,2,2,2,3,2,3,2,2,2,3,2,
Rater_6,AI accessibility research,43,5,4,4,4,5,5,2,2,4,4,5,4,3,3,5,
Rater_5,Cognitive / intellectual disabilities,46,3,3,5,4,3,2,3,4,3,3,3,4,4,3,3,
Rater_4,Cognitive / intellectual disabilities,55,4,3,3,3,3,4,3,4,3,3,4,4,3,3,4,
Rater_7,Communication disabilities / AAC,52,2,2,1,2,3,3,2,2,2,2,2,1,2,2,1,
Rater_6,AI accessibility research,44,5,4,3,3,3,4,5,5,3,3,4,4,5,3,4,
Rater_7,Communication disabilities / AAC,53,2,2,3,2,2,2,2,3,2,3,2,2,3,3,2,
Rater_5,Cognitive / intellectual disabilities,47,3,4,5,3,3,3,4,3,3,3,3,4,4,3,4,
Rater_4,Cognitive / intellectual disabilities,56,4,4,4,5,4,4,4,3,3,3,4,3,3,3,4,
Rater_5,Cognitive / intellectual disabilities,48,3,5,5,4,4,3,4,3,3,3,2,4,4,3,3,
Rater_7,Communication disabilities / AAC,54,3,1,4,3,2,3,2,3,2,2,2,2,3,1,2,
Rater_6,AI accessibility research,45,4,4,4,4,4,4,5,3,4,3,4,4,4,4,4,
Rater_4,Cognitive / intellectual disabilities,57,4,4,3,3,3,4,4,4,4,4,4,4,4,4,4,
Rater_7,Communication disabilities / AAC,55,2,3,5,3,2,2,2,5,4,3,2,3,1,3,3,
Rater_5,Cognitive / intellectual disabilities,49,2,4,4,3,3,4,4,4,3,3,3,3,4,4,4,
Rater_7,Communication disabilities / AAC,56,2,2,3,3,2,2,3,3,3,2,2,2,2,3,2,
Rater_6,AI accessibility research,46,3,4,4,5,3,4,4,5,3,3,4,4,4,4,4,
Rater_4,Cognitive / intellectual disabilities,58,4,3,3,4,3,4,3,3,4,4,4,2,4,4,4,
Rater_7,Communication disabilities / AAC,57,3,2,2,2,3,3,2,2,3,2,3,2,2,2,3,
Rater_5,Cognitive / intellectual disabilities,50,3,5,4,3,3,3,4,3,2,3,5,4,4,3,3,
Rater_7,Communication disabilities / AAC,58,3,2,2,3,3,3,3,2,3,3,3,3,4,3,2,
Rater_5,Cognitive / intellectual disabilities,51,3,4,4,4,3,4,4,4,3,3,3,3,4,3,3,
Rater_7,Communication disabilities / AAC,59,2,1,2,3,3,3,2,3,2,3,2,3,1,3,3,
Rater_6,AI accessibility research,47,3,4,4,3,3,4,4,4,3,3,5,4,4,2,3,
Rater_4,Cognitive / intellectual disabilities,59,4,3,4,4,4,4,4,4,3,4,4,4,3,3,2,
Rater_6,AI accessibility research,48,5,4,4,3,3,5,4,5,4,3,5,4,3,3,3,
Rater_5,Cognitive / intellectual disabilities,52,4,4,5,4,4,4,3,4,4,4,5,5,5,5,4,
Rater_6,AI accessibility research,49,4,5,5,4,3,5,4,3,4,3,5,4,3,3,3,
Rater_5,Cognitive / intellectual disabilities,53,4,4,4,4,3,2,5,5,3,4,4,4,4,4,4,
Rater_5,Cognitive / intellectual disabilities,54,3,5,4,5,4,3,5,5,4,4,3,3,4,4,3,
Rater_6,AI accessibility research,50,4,5,3,3,3,4,4,5,4,3,4,4,5,4,4,
Rater_5,Cognitive / intellectual disabilities,55,4,5,4,5,4,2,4,4,5,4,3,5,4,4,3,
Rater_6,AI accessibility research,51,5,3,5,3,3,4,5,5,4,3,3,5,4,4,4,
Rater_5,Cognitive / intellectual disabilities,56,3,5,4,3,4,2,4,4,4,4,2,4,5,3,3,
Rater_6,AI accessibility research,52,4,4,4,3,3,3,4,4,4,3,5,5,4,4,4,
Rater_5,Cognitive / intellectual disabilities,57,5,5,5,5,5,5,5,5,5,5,4,5,5,4,4,
Rater_6,AI accessibility research,53,5,3,3,3,3,5,5,3,2,4,5,4,4,4,4,
Rater_5,Cognitive / intellectual disabilities,58,3,5,5,5,4,5,5,5,5,5,5,5,5,5,5,
Rater_6,AI accessibility research,54,5,4,4,5,3,4,5,4,3,3,5,4,4,3,3,
Rater_6,AI accessibility research,55,5,4,4,3,3,5,5,4,3,3,4,4,4,3,4,
Rater_5,Cognitive / intellectual disabilities,59,5,5,5,5,5,5,5,5,5,5,5,5,5,5,5,
Rater_6,AI accessibility research,56,5,4,3,3,4,4,4,2,3,3,4,4,3,4,4,
Rater_6,AI accessibility research,57,4,3,3,3,3,5,5,4,3,4,5,4,5,3,3,
Rater_6,AI accessibility research,58,4,5,4,4,4,4,4,3,4,4,4,4,5,3,4,
Rater_6,AI accessibility research,59,4,5,3,3,4,5,3,4,5,3,3,3,5,3,2,
Rater_8,Clinical / rehabilitation,0,5,3,4,4,2,5,4,4,5,4,5,5,5,5,5,
Rater_8,Clinical / rehabilitation,1,5,3,4,3,2,3,3,4,3,3,5,3,5,3,5,
Rater_8,Clinical / rehabilitation,2,5,4,3,4,2,3,3,3,4,3,5,5,5,5,5,
Rater_8,Clinical / rehabilitation,3,3,5,4,3,4,5,4,4,3,4,4,4,4,4,4,
Rater_8,Clinical / rehabilitation,4,3,4,4,4,3,3,3,3,3,3,5,4,4,3,4,
Rater_8,Clinical / rehabilitation,5,1,2,2,3,4,4,4,3,4,4,5,4,4,4,4,
Rater_8,Clinical / rehabilitation,6,1,3,1,3,1,3,1,2,2,2,4,5,5,5,5,
Rater_8,Clinical / rehabilitation,7,3,4,1,3,3,4,3,3,3,3,5,5,5,5,5,
Rater_8,Clinical / rehabilitation,8,2,2,2,2,2,4,3,4,4,2,4,3,4,3,3,
Rater_8,Clinical / rehabilitation,9,5,5,5,4,4,5,5,4,3,3,5,4,5,3,3,
Rater_8,Clinical / rehabilitation,10,3,4,4,3,4,5,4,4,3,3,5,5,5,5,4,
Rater_8,Clinical / rehabilitation,11,4,3,4,3,4,4,4,4,3,3,4,3,4,4,4,
Rater_8,Clinical / rehabilitation,12,4,4,4,2,3,3,4,3,4,3,4,3,5,4,4,
Rater_8,Clinical / rehabilitation,13,4,4,4,3,3,4,3,3,4,3,5,5,5,5,5,
Rater_8,Clinical / rehabilitation,14,5,3,3,2,2,3,4,2,3,4,5,5,5,5,5,
Rater_8,Clinical / rehabilitation,15,2,2,1,2,1,2,3,4,3,2,5,5,4,3,5,
Rater_8,Clinical / rehabilitation,16,5,4,4,4,5,3,4,3,3,3,5,5,5,5,5,
Rater_8,Clinical / rehabilitation,17,3,3,4,3,3,3,4,4,3,5,5,3,3,3,4,
Rater_8,Clinical / rehabilitation,18,5,5,3,4,4,5,5,4,3,2,5,5,5,5,5,
Rater_8,Clinical / rehabilitation,19,3,4,3,3,4,5,3,5,3,5,5,5,5,5,5,
Rater_8,Clinical / rehabilitation,20,5,3,2,4,2,5,4,4,3,4,4,4,3,4,3,
Rater_8,Clinical / rehabilitation,21,4,3,4,2,4,5,3,3,2,4,5,5,5,5,5,
Rater_8,Clinical / rehabilitation,22,2,2,2,2,2,3,3,3,3,2,5,5,5,5,5,
Rater_8,Clinical / rehabilitation,23,4,5,2,3,3,4,4,3,3,3,5,5,5,5,5,
Rater_8,Clinical / rehabilitation,24,4,5,4,4,4,3,3,3,3,3,3,3,3,3,3,
Rater_8,Clinical / rehabilitation,25,2,4,2,3,3,3,3,3,4,4,4,4,4,4,4,
Rater_8,Clinical / rehabilitation,26,1,1,2,2,2,2,3,3,2,2,3,2,3,3,3,
Rater_8,Clinical / rehabilitation,27,3,4,4,3,3,4,4,4,3,4,4,4,3,3,4,
Rater_8,Clinical / rehabilitation,28,4,3,3,3,3,4,3,3,3,3,2,3,2,2,3,
Rater_8,Clinical / rehabilitation,29,1,2,2,3,3,2,2,3,2,1,1,2,2,3,2,
Rater_8,Clinical / rehabilitation,30,2,3,2,3,2,3,3,4,2,2,3,2,3,2,1,
Rater_8,Clinical / rehabilitation,31,2,3,3,2,2,3,2,3,3,3,2,2,3,2,2,
Rater_8,Clinical / rehabilitation,32,3,2,2,2,2,4,3,2,3,3,5,5,5,5,5,
Rater_8,Clinical / rehabilitation,33,3,2,2,3,2,3,2,3,3,2,4,2,3,3,5,
Rater_8,Clinical / rehabilitation,34,1,2,1,1,1,3,3,2,3,2,3,3,4,4,1,
Rater_8,Clinical / rehabilitation,35,4,2,3,2,2,3,3,2,2,2,3,3,3,3,2,
Rater_8,Clinical / rehabilitation,36,3,3,2,2,4,3,3,4,3,3,4,3,3,3,3,
Rater_8,Clinical / rehabilitation,37,4,3,3,3,3,4,2,2,2,3,5,2,2,1,2,
Rater_8,Clinical / rehabilitation,38,3,1,1,1,2,2,1,2,2,2,2,2,3,3,3,
Rater_8,Clinical / rehabilitation,39,3,3,4,2,2,3,3,3,3,2,2,3,3,3,3,
Rater_8,Clinical / rehabilitation,40,3,4,3,4,3,4,3,4,2,3,4,3,2,3,2,
Rater_8,Clinical / rehabilitation,41,4,3,3,3,3,3,3,4,2,4,4,3,3,4,3,
Rater_8,Clinical / rehabilitation,42,4,3,4,4,2,4,4,4,2,3,3,3,4,3,2,
Rater_8,Clinical / rehabilitation,43,5,3,4,3,3,4,4,4,4,4,2,3,2,2,1,
Rater_8,Clinical / rehabilitation,44,5,3,3,4,4,4,3,4,2,4,4,2,5,1,1,
Rater_8,Clinical / rehabilitation,45,5,5,3,4,1,5,5,3,4,3,4,4,3,4,2,
Rater_8,Clinical / rehabilitation,46,4,4,3,3,3,4,3,3,3,4,3,2,3,3,4,
Rater_8,Clinical / rehabilitation,47,5,5,5,5,5,4,3,3,3,3,4,3,3,3,2,
Rater_8,Clinical / rehabilitation,48,3,3,2,4,3,3,4,4,2,3,4,4,4,4,2,
Rater_8,Clinical / rehabilitation,49,3,5,3,3,2,4,4,4,5,3,3,3,3,3,2,
Rater_8,Clinical / rehabilitation,50,3,3,3,3,2,3,2,2,1,1,4,3,1,1,1,
Rater_8,Clinical / rehabilitation,51,3,3,3,2,2,3,3,2,3,3,2,1,2,4,4,
Rater_8,Clinical / rehabilitation,52,3,3,3,3,1,2,3,2,3,3,3,2,4,5,2,
Rater_8,Clinical / rehabilitation,53,4,2,2,2,3,3,2,2,3,3,3,3,4,3,2,
Rater_8,Clinical / rehabilitation,54,4,2,2,3,2,3,3,3,4,3,3,3,3,3,3,
Rater_8,Clinical / rehabilitation,55,3,3,3,2,1,3,5,2,2,2,3,2,3,3,2,
Rater_8,Clinical / rehabilitation,56,3,3,2,2,2,3,4,2,1,4,1,1,3,4,3,
Rater_8,Clinical / rehabilitation,57,3,3,2,2,2,3,2,2,3,2,3,3,3,4,2,
Rater_8,Clinical / rehabilitation,58,3,3,2,1,3,3,4,3,2,3,4,4,4,4,2,
Rater_8,Clinical / rehabilitation,59,5,4,3,1,3,5,3,4,5,2,3,4,3,3,4,
Rater_9,Other,0,5,5,5,5,4,2,2,2,3,3,4,4,4,4,3,"Model B didn't complete the sentence, it just gave more options instead. Model C gave a normal completion but added more context to it."
Rater_9,Other,1,5,5,5,4,4,4,4,4,4,4,4,4,4,4,4,
Rater_9,Other,2,4,5,5,5,5,1,1,1,2,1,4,4,4,4,4,Model B provides series of options rather than sticking to one request
Rater_9,Other,3,4,4,4,4,4,2,2,2,2,2,3,2,2,2,2,
Rater_9,Other,4,5,5,5,4,5,3,3,3,3,3,3,3,3,3,3,
Rater_9,Other,5,3,3,3,3,4,4,4,4,2,3,2,1,3,2,3,
Rater_9,Other,6,4,4,4,4,4,3,3,3,3,3,2,2,2,2,2,
Rater_9,Other,7,3,3,3,3,3,2,2,2,2,2,3,3,3,2,2,
Rater_9,Other,8,3,5,5,5,5,2,2,2,1,1,5,5,5,5,5,
Rater_9,Other,9,3,4,4,3,4,4,3,3,2,3,4,3,4,4,4,
Rater_9,Other,10,4,3,4,3,4,3,3,3,3,4,4,4,4,4,4,
Rater_9,Other,11,3,3,3,3,4,2,2,2,2,2,4,4,4,4,5,
Rater_9,Other,12,3,3,2,2,3,3,2,2,3,2,4,4,4,4,4,
Rater_9,Other,13,4,5,4,4,4,3,3,3,2,3,3,3,3,3,4,
Rater_9,Other,14,4,4,4,4,4,2,2,2,2,2,5,5,5,5,5,
Rater_9,Other,15,3,3,3,3,2,3,2,2,1,1,4,4,4,5,5,
Rater_9,Other,16,4,4,4,4,4,2,2,2,1,2,4,4,4,4,4,
Rater_9,Other,17,3,3,3,4,4,2,2,2,3,3,3,3,3,4,4,
Rater_9,Other,18,4,4,4,4,4,3,3,3,3,3,5,5,5,5,5,
Rater_9,Other,19,4,4,4,4,4,3,3,3,4,4,4,4,4,4,4,
Rater_9,Other,20,4,4,4,4,4,2,2,2,2,2,4,4,4,4,3,
Rater_9,Other,21,4,4,4,4,4,2,2,2,2,2,4,4,4,4,4,
Rater_9,Other,22,4,4,4,4,4,2,2,2,2,2,5,5,5,5,5,
Rater_9,Other,23,4,4,4,4,4,4,4,4,3,4,4,4,4,4,4,
Rater_9,Other,24,4,4,4,4,4,2,2,2,2,2,4,4,4,4,4,
Rater_9,Other,25,4,5,4,5,5,3,3,3,3,4,4,4,4,4,4,
Rater_9,Other,26,4,4,4,4,4,2,2,2,4,4,5,4,4,4,4,
Rater_9,Other,27,4,4,4,4,4,1,2,2,2,2,4,4,4,4,4,
Rater_9,Other,28,4,4,4,4,4,2,2,2,2,2,4,4,4,4,4,"The rest of the models seem to understand the urgency but the model B isn't giving answer based on context dependancy, an urgent situation doesn't require other options."
Rater_9,Other,29,3,3,3,3,3,3,3,3,2,2,4,4,4,3,4,
Rater_9,Other,30,4,4,4,4,4,3,3,3,3,3,2,2,2,2,2,
Rater_9,Other,31,2,2,2,2,2,2,2,2,2,2,4,4,4,4,4,
Rater_9,Other,32,4,4,4,4,4,3,4,3,4,3,4,4,4,3,3,
Rater_9,Other,33,4,4,4,4,4,2,2,2,2,2,1,1,1,1,1,
Rater_9,Other,34,5,5,5,5,5,2,2,2,2,2,5,5,5,5,5,
Rater_9,Other,35,4,4,4,4,4,3,3,3,3,4,3,3,3,3,3,
Rater_9,Other,36,3,3,3,2,3,2,2,2,2,2,3,3,3,3,3,
Rater_9,Other,37,3,3,3,3,3,2,2,2,2,2,4,4,4,4,4,
Rater_9,Other,38,5,5,5,5,5,1,1,1,1,1,4,4,4,4,4,
Rater_9,Other,39,4,4,4,4,4,1,1,1,1,1,3,3,3,3,3,
Rater_9,Other,40,3,3,3,3,3,4,4,4,3,3,1,1,1,1,1,
Rater_9,Other,41,2,2,2,2,3,3,3,3,3,3,2,2,2,2,2,
Rater_9,Other,42,3,3,3,3,3,4,4,4,4,4,2,2,2,2,2,
Rater_9,Other,43,2,3,2,2,3,2,2,2,2,3,3,2,2,1,1,
Rater_9,Other,44,2,2,2,2,2,4,4,4,4,4,1,1,1,1,1,
Rater_9,Other,45,3,3,3,3,3,4,4,4,4,4,2,2,2,2,2,
Rater_9,Other,46,4,4,4,4,4,3,3,3,3,3,2,2,2,1,1,
Rater_9,Other,47,4,4,4,4,4,5,5,5,5,5,1,1,1,1,1,
Rater_9,Other,48,3,3,3,3,3,2,2,1,2,2,1,1,1,1,1,
Rater_9,Other,49,3,3,3,3,3,4,4,4,4,4,1,2,1,1,1,
Rater_9,Other,50,2,2,3,3,3,4,4,4,4,5,1,1,1,1,1,
Rater_9,Other,51,3,3,3,3,3,3,2,3,3,3,2,2,2,2,1,
Rater_9,Other,52,3,3,3,3,3,4,4,3,4,4,2,2,2,2,1,
Rater_9,Other,53,2,2,2,2,3,4,4,4,4,4,1,1,1,1,1,
Rater_9,Other,54,3,3,3,3,3,3,4,2,4,4,2,2,2,2,1,
Rater_9,Other,55,3,3,3,3,3,4,4,4,4,4,1,1,1,1,1,
Rater_9,Other,56,4,4,4,4,4,3,3,3,3,3,1,1,1,1,1,
Rater_9,Other,57,3,3,3,3,4,2,2,2,2,3,2,2,2,2,2,
Rater_9,Other,58,3,3,3,3,3,4,4,4,4,4,1,1,1,1,1,
Rater_9,Other,59,2,2,2,2,2,3,3,3,3,3,1,1,1,1,1,
Rater_11,Text simplification / plain language,0,3,2,2,2,1,4,4,4,2,2,1,1,1,1,2,
Rater_11,Text simplification / plain language,1,3,1,1,1,1,4,4,4,4,5,1,2,1,2,3,
Rater_11,Text simplification / plain language,2,1,2,2,3,2,5,5,5,5,5,2,3,3,2,2,
Rater_11,Text simplification / plain language,3,1,2,3,2,1,5,5,5,5,5,3,3,5,2,3,
Rater_11,Text simplification / plain language,4,3,4,3,4,4,5,5,5,5,5,4,4,4,5,5,
Rater_12,AI accessibility research,0,2,3,3,1,2,3,4,3,2,2,4,2,4,2,2,
Rater_12,AI accessibility research,1,4,3,4,2,3,3,3,3,3,3,3,4,3,2,2,
Rater_12,AI accessibility research,2,4,3,3,2,3,3,3,2,2,3,3,3,3,2,2,
Rater_12,AI accessibility research,3,3,3,3,3,3,3,4,4,2,3,3,3,4,2,3,
Rater_12,AI accessibility research,4,4,5,5,4,4,5,4,3,2,4,4,4,5,3,4,
Rater_12,AI accessibility research,5,5,5,4,2,5,5,4,4,2,4,4,4,3,2,4,
Rater_12,AI accessibility research,6,4,4,3,2,4,4,3,4,2,3,5,4,5,3,3,
Rater_12,AI accessibility research,7,4,4,4,2,3,4,5,4,4,4,4,5,5,2,4,
Rater_12,AI accessibility research,8,5,4,4,2,3,4,4,4,4,4,5,4,5,4,4,
Rater_12,AI accessibility research,9,5,5,5,2,4,5,5,3,2,4,5,5,5,3,4,
Rater_12,AI accessibility research,10,4,4,4,4,4,4,5,5,4,3,5,4,4,4,4,
Rater_12,AI accessibility research,11,5,5,4,4,4,5,5,4,2,2,5,4,4,2,3,
Rater_12,AI accessibility research,12,5,5,5,3,4,4,4,4,4,3,4,3,4,4,4,
Rater_12,AI accessibility research,13,4,4,4,3,3,4,4,3,4,4,4,4,4,4,4,
Rater_12,AI accessibility research,14,5,4,4,4,5,5,4,4,3,4,5,4,5,5,5,
Rater_12,AI accessibility research,15,5,4,5,5,4,4,4,3,4,4,5,4,5,5,4,
Rater_12,AI accessibility research,16,4,5,4,4,4,5,5,3,4,4,4,4,4,5,5,
Rater_12,AI accessibility research,17,4,4,5,4,3,5,4,5,4,4,4,5,5,4,3,
Rater_12,AI accessibility research,18,4,4,4,4,5,4,3,4,4,4,4,4,4,4,4,
Rater_12,AI accessibility research,19,4,4,5,4,4,4,4,4,4,3,4,5,3,4,4,
Rater_12,AI accessibility research,20,4,4,4,4,5,4,4,4,4,4,4,5,4,4,4,
Rater_12,AI accessibility research,21,3,4,5,4,5,5,3,3,3,5,4,5,4,4,4,
Rater_12,AI accessibility research,22,5,4,5,4,3,5,4,5,4,4,5,5,5,5,5,
Rater_12,AI accessibility research,23,4,4,5,4,4,5,4,4,5,5,4,5,3,4,4,
Rater_12,AI accessibility research,24,4,4,4,5,3,4,4,4,4,5,4,3,4,4,4,
Rater_12,AI accessibility research,25,4,4,4,4,4,4,5,4,3,5,4,4,5,4,4,
Rater_12,AI accessibility research,26,4,5,4,4,5,4,4,5,4,4,4,5,4,4,4,
Rater_12,AI accessibility research,27,4,4,5,4,4,4,3,3,4,5,5,4,4,4,4,
Rater_12,AI accessibility research,28,4,4,3,4,5,5,4,4,4,4,5,5,5,4,4,
Rater_12,AI accessibility research,29,4,4,4,4,4,5,4,4,4,4,5,4,4,4,4,
Rater_11,Text simplification / plain language,5,3,2,4,4,4,5,5,5,5,5,2,1,3,3,3,
Rater_11,Text simplification / plain language,6,3,5,3,4,4,5,5,5,5,5,1,1,2,2,1,
Rater_11,Text simplification / plain language,7,4,5,5,4,4,5,5,5,5,5,2,2,2,4,3,
Rater_11,Text simplification / plain language,8,4,3,2,4,3,5,5,5,4,5,5,5,5,5,5,
Rater_11,Text simplification / plain language,9,5,5,5,4,5,5,5,5,5,5,4,3,4,4,4,
Rater_11,Text simplification / plain language,10,4,4,3,3,3,4,4,5,5,5,4,4,4,4,4,
Rater_11,Text simplification / plain language,11,3,3,3,3,4,4,4,5,4,4,5,5,5,5,5,
Rater_11,Text simplification / plain language,12,3,3,3,4,4,5,5,5,5,5,3,3,3,4,4,
Rater_11,Text simplification / plain language,13,5,4,4,4,4,5,5,5,5,4,4,4,4,4,4,
Rater_11,Text simplification / plain language,14,5,5,5,5,5,5,5,5,5,5,5,5,5,4,4,
Rater_11,Text simplification / plain language,15,4,3,3,3,5,5,5,5,5,5,5,5,5,5,5,
Rater_11,Text simplification / plain language,16,5,4,4,5,5,5,5,5,5,5,4,4,4,4,4,
Rater_11,Text simplification / plain language,17,3,3,4,4,5,5,5,5,5,5,5,5,5,5,5,
Rater_11,Text simplification / plain language,18,5,4,4,4,5,5,5,5,5,5,3,4,4,4,5,
Rater_11,Text simplification / plain language,19,4,4,3,3,5,5,5,4,5,5,3,3,3,4,3,
Rater_11,Text simplification / plain language,20,5,4,4,3,5,5,5,5,5,5,5,5,5,5,5,
Rater_11,Text simplification / plain language,21,5,4,4,3,5,5,4,4,5,3,5,4,4,4,4,
Rater_11,Text simplification / plain language,22,3,4,5,5,5,5,5,4,5,5,5,5,4,5,5,
Rater_11,Text simplification / plain language,23,4,4,5,4,5,5,5,5,5,5,5,4,5,5,4,
Rater_11,Text simplification / plain language,24,5,5,5,5,5,5,5,5,5,5,5,5,5,5,5,
Rater_11,Text simplification / plain language,25,5,5,5,5,5,4,4,4,4,5,5,5,5,5,4,
Rater_11,Text simplification / plain language,26,5,5,5,4,5,3,3,3,4,5,3,3,3,4,5,
Rater_11,Text simplification / plain language,27,5,5,5,5,5,5,5,4,5,5,5,5,5,5,5,
Rater_11,Text simplification / plain language,28,5,3,4,4,5,4,3,4,4,5,5,5,5,5,5,
Rater_11,Text simplification / plain language,29,5,5,5,5,5,5,5,5,5,5,4,4,4,5,5,
Rater_11,Text simplification / plain language,30,5,5,5,5,5,5,5,5,5,5,5,5,5,5,5,
Rater_11,Text simplification / plain language,31,5,5,5,5,5,5,5,5,5,4,5,5,5,5,4,
Rater_11,Text simplification / plain language,32,4,4,3,3,4,4,3,3,3,5,5,5,5,5,5,
Rater_11,Text simplification / plain language,33,4,4,4,4,4,5,5,5,5,5,4,5,5,5,5,
Rater_11,Text simplification / plain language,34,5,5,5,5,5,5,5,5,5,5,5,5,5,5,5,
Rater_11,Text simplification / plain language,35,5,5,5,5,5,5,5,5,5,5,5,5,5,5,5,
Rater_11,Text simplification / plain language,36,5,5,5,5,5,5,5,5,5,5,5,5,5,5,5,
Rater_11,Text simplification / plain language,37,5,5,5,5,5,5,5,5,5,5,5,5,5,5,5,
Rater_11,Text simplification / plain language,38,5,4,3,5,5,4,4,3,5,5,4,4,4,4,5,
Rater_11,Text simplification / plain language,39,3,2,2,2,3,5,5,5,5,5,3,3,4,3,5,
Rater_11,Text simplification / plain language,40,5,5,5,5,5,5,5,5,5,5,5,5,5,5,5,
Rater_11,Text simplification / plain language,41,5,5,5,5,5,5,5,5,5,5,5,5,5,5,5,
Rater_11,Text simplification / plain language,42,5,5,5,5,5,5,5,4,5,5,5,5,5,5,5,
Rater_11,Text simplification / plain language,43,4,4,4,5,5,5,5,5,5,5,5,5,3,5,5,
Rater_11,Text simplification / plain language,44,3,4,3,5,5,5,5,5,5,5,3,3,3,3,3,
Rater_11,Text simplification / plain language,45,2,3,3,4,4,5,5,5,5,5,3,3,3,4,3,
Rater_11,Text simplification / plain language,46,5,5,5,5,5,5,5,5,5,5,3,2,3,4,5,
Rater_11,Text simplification / plain language,47,4,4,4,4,5,4,5,5,5,5,2,3,3,4,5,
Rater_11,Text simplification / plain language,48,4,5,5,5,5,5,5,5,5,5,3,3,3,4,5,
Rater_11,Text simplification / plain language,49,4,3,4,4,5,5,5,5,5,5,2,2,4,5,5,
Rater_11,Text simplification / plain language,50,5,5,5,5,5,5,5,5,5,5,3,2,4,3,5,
Rater_11,Text simplification / plain language,51,5,5,5,5,5,5,5,5,5,5,2,3,3,3,5,
Rater_11,Text simplification / plain language,52,3,3,3,4,5,5,4,4,5,5,3,2,3,4,5,
Rater_11,Text simplification / plain language,53,5,5,5,5,5,4,5,4,4,5,3,3,4,5,5,
Rater_11,Text simplification / plain language,54,3,4,4,5,5,3,4,5,5,5,4,3,5,4,4,
Rater_11,Text simplification / plain language,55,4,4,5,5,5,4,4,5,4,3,5,1,3,3,5,
Rater_11,Text simplification / plain language,56,5,4,5,5,5,4,4,4,4,4,1,4,5,5,5,
Rater_11,Text simplification / plain language,57,4,4,4,5,5,5,5,5,5,5,3,3,3,4,5,
Rater_11,Text simplification / plain language,58,4,4,4,4,5,5,5,5,5,5,2,2,3,4,5,
Rater_11,Text simplification / plain language,59,3,4,5,5,5,5,5,4,5,5,3,3,3,4,2,
Rater_13,Text simplification / plain language,0,5,1,1,3,5,5,5,5,5,5,4,2,1,4,4,
Rater_13,Text simplification / plain language,1,5,5,4,4,5,5,5,4,5,5,5,4,3,4,3,
Rater_13,Text simplification / plain language,2,5,5,5,3,3,3,4,4,4,5,5,4,4,5,5,
Rater_13,Text simplification / plain language,3,5,4,4,3,4,5,5,5,5,5,3,4,3,3,4,
Rater_13,Text simplification / plain language,4,5,5,5,4,5,5,5,5,5,5,5,5,5,5,5,
Rater_13,Text simplification / plain language,5,4,4,4,5,5,5,5,5,5,5,5,5,5,5,5,
Rater_13,Text simplification / plain language,6,5,5,4,3,5,5,5,5,5,4,4,5,4,4,3,
Rater_13,Text simplification / plain language,7,5,5,5,5,5,5,5,5,5,5,4,4,4,5,5,
Rater_13,Text simplification / plain language,8,5,5,5,5,5,5,5,3,5,5,5,5,5,5,5,
Rater_13,Text simplification / plain language,9,5,5,5,5,5,5,5,5,5,4,4,4,5,4,5,
Rater_13,Text simplification / plain language,10,5,5,5,5,3,4,4,5,5,4,4,5,5,5,4,
Rater_13,Text simplification / plain language,11,4,5,5,4,5,5,5,5,5,5,5,5,5,5,5,
Rater_13,Text simplification / plain language,12,4,3,3,4,5,5,5,5,5,5,5,5,4,5,5,
Rater_13,Text simplification / plain language,13,5,4,5,5,5,4,5,5,5,5,4,4,5,4,5,
Rater_13,Text simplification / plain language,14,5,5,5,5,5,5,4,5,5,5,5,4,5,5,5,
Rater_13,Text simplification / plain language,15,4,4,3,5,5,5,5,5,5,5,5,4,5,5,5,
Rater_13,Text simplification / plain language,16,5,5,5,3,4,3,4,3,5,4,5,5,5,5,5,
Rater_13,Text simplification / plain language,17,5,5,5,5,5,5,5,5,5,4,5,5,5,4,5,
Rater_13,Text simplification / plain language,18,5,5,3,5,5,5,5,5,5,5,5,5,4,5,5,
Rater_13,Text simplification / plain language,19,5,5,5,5,5,5,5,5,5,5,4,4,5,4,4,
Rater_13,Text simplification / plain language,20,4,5,5,5,5,5,5,5,5,5,5,5,5,5,5,
Rater_13,Text simplification / plain language,21,4,5,5,4,5,5,5,5,5,5,4,5,5,5,5,
Rater_13,Text simplification / plain language,22,5,5,4,5,5,5,5,5,5,5,5,5,5,5,5,
Rater_13,Text simplification / plain language,23,5,5,4,5,5,5,5,5,5,5,5,5,5,5,5,
Rater_13,Text simplification / plain language,24,5,5,4,5,5,5,5,5,5,5,5,5,4,5,5,
Rater_13,Text simplification / plain language,25,5,5,5,5,5,5,5,5,5,5,5,5,5,5,5,
Rater_13,Text simplification / plain language,26,5,5,5,5,5,5,5,5,5,5,4,5,4,5,4,
Rater_13,Text simplification / plain language,27,5,5,5,5,5,5,5,5,5,5,5,5,5,5,5,
Rater_13,Text simplification / plain language,28,5,5,4,5,5,5,5,5,5,5,5,5,5,5,5,
Rater_13,Text simplification / plain language,29,4,5,4,5,5,5,5,5,5,5,4,5,4,5,5,
Rater_13,Text simplification / plain language,30,4,5,4,5,5,5,5,5,5,5,4,5,4,5,5,
Rater_13,Text simplification / plain language,31,4,5,4,5,5,5,5,5,5,5,4,5,4,5,5,
Rater_13,Text simplification / plain language,32,4,5,4,5,5,5,5,5,5,5,5,4,5,5,5,
Rater_13,Text simplification / plain language,33,3,4,4,4,3,5,5,5,5,5,5,5,5,5,5,
Rater_13,Text simplification / plain language,34,4,5,4,5,5,5,5,5,5,5,4,5,5,5,5,
Rater_13,Text simplification / plain language,35,5,5,5,5,5,5,5,5,5,5,5,5,5,5,5,
Rater_13,Text simplification / plain language,36,4,5,4,5,5,5,5,5,5,5,4,5,4,5,5,
Rater_13,Text simplification / plain language,37,4,5,4,5,5,5,5,5,5,5,4,5,4,5,5,
Rater_13,Text simplification / plain language,38,5,5,5,5,5,5,5,5,5,5,4,5,5,5,5,
Rater_13,Text simplification / plain language,39,4,5,4,5,5,5,5,5,5,5,4,5,4,5,5,Model 2 (the model that provides a variety of answers) tends to allow greater accuracy across the five dimensions.
Rater_13,Text simplification / plain language,40,4,5,4,3,5,5,5,5,5,5,5,4,5,5,4,
Rater_13,Text simplification / plain language,41,4,4,5,5,4,4,5,5,5,5,4,5,5,5,4,
Rater_13,Text simplification / plain language,42,4,5,4,5,5,5,5,5,5,5,4,5,4,5,4,
Rater_13,Text simplification / plain language,43,4,5,4,5,4,4,5,5,4,5,4,4,4,5,4,
Rater_13,Text simplification / plain language,44,4,5,4,4,5,5,5,5,5,5,4,5,4,5,5,
Rater_13,Text simplification / plain language,45,5,5,5,5,5,4,5,5,5,5,4,5,5,5,5,
Rater_13,Text simplification / plain language,46,4,5,5,5,5,5,5,5,5,5,4,5,4,5,4,
Rater_13,Text simplification / plain language,47,4,5,5,4,5,4,5,5,5,5,5,5,4,5,5,
Rater_13,Text simplification / plain language,48,4,5,5,5,4,5,5,5,5,5,3,5,4,5,5,
Rater_13,Text simplification / plain language,49,5,5,5,5,5,4,5,5,5,5,4,5,4,5,5,
Rater_13,Text simplification / plain language,50,5,5,5,5,5,5,5,5,5,5,4,5,4,5,5,
Rater_13,Text simplification / plain language,51,5,5,5,5,5,5,5,5,5,5,4,5,3,5,5,
Rater_13,Text simplification / plain language,52,5,5,5,5,5,4,5,5,5,5,3,5,4,5,4,
Rater_13,Text simplification / plain language,53,5,5,5,5,5,5,5,5,5,5,5,5,4,5,4,
Rater_13,Text simplification / plain language,54,5,5,5,5,5,5,5,5,5,5,4,5,4,5,4,
Rater_13,Text simplification / plain language,55,5,5,5,5,5,5,5,5,5,5,4,5,4,5,4,
Rater_13,Text simplification / plain language,56,5,5,5,5,5,5,5,5,5,5,5,5,5,5,5,
Rater_13,Text simplification / plain language,57,5,5,5,5,5,4,5,4,5,5,5,5,5,5,4,
Rater_13,Text simplification / plain language,58,4,5,4,5,5,5,5,5,5,1,3,4,4,5,5,
Rater_13,Text simplification / plain language,59,5,5,5,5,5,5,5,5,5,5,3,5,3,5,5,
Rater_14,Text simplification / plain language,0,5,3,4,3,3,5,5,5,5,5,5,4,4,3,4,
Rater_14,Text simplification / plain language,1,5,5,5,5,5,5,5,4,5,5,5,5,5,4,5,
Rater_14,Text simplification / plain language,2,5,4,5,5,4,5,5,5,5,4,4,4,4,4,4,
Rater_14,Text simplification / plain language,3,5,5,5,5,5,5,4,4,4,4,1,5,1,1,5,The two parts of model C are inconsistent.
Rater_14,Text simplification / plain language,4,5,4,4,5,5,5,5,5,5,4,5,5,5,5,4,
Rater_14,Text simplification / plain language,5,5,5,5,5,5,5,5,5,5,5,5,5,5,5,4,
Rater_14,Text simplification / plain language,6,5,5,5,5,5,5,5,5,5,5,5,5,5,5,5,
Rater_14,Text simplification / plain language,7,5,5,5,5,5,5,5,5,5,5,4,4,5,5,5,I think the second sentence in Model C is not necessary
Rater_14,Text simplification / plain language,8,5,5,5,5,5,4,5,5,5,5,5,5,5,5,5,
Rater_14,Text simplification / plain language,9,5,1,5,5,5,5,4,5,5,5,4,5,5,5,5,
Rater_14,Text simplification / plain language,10,5,5,5,5,4,5,5,5,4,4,5,5,5,4,5,
Rater_14,Text simplification / plain language,11,5,5,5,5,5,5,5,5,5,5,5,5,1,5,4,
Rater_14,Text simplification / plain language,12,5,5,5,5,5,5,5,5,5,4,5,5,5,5,5,
Rater_14,Text simplification / plain language,13,5,5,5,5,5,5,5,5,5,5,5,5,5,5,4,
Rater_14,Text simplification / plain language,14,5,4,5,5,5,5,4,5,5,5,5,5,5,5,5,
Rater_14,Text simplification / plain language,15,5,4,5,5,5,5,5,4,4,4,5,4,5,5,4,
Rater_14,Text simplification / plain language,16,5,5,5,5,5,5,5,5,5,5,5,5,5,5,5,
Rater_14,Text simplification / plain language,17,5,5,4,4,5,5,5,5,5,5,5,5,4,5,5,
Rater_14,Text simplification / plain language,18,5,5,5,5,5,5,4,5,5,5,5,5,5,5,5,
Rater_14,Text simplification / plain language,19,5,5,5,5,4,5,4,4,4,4,5,5,5,5,5,
Rater_14,Text simplification / plain language,20,5,5,5,5,5,4,4,5,5,5,5,5,5,5,5,
Rater_14,Text simplification / plain language,21,5,5,5,5,4,5,5,5,5,4,5,5,5,5,4,
Rater_14,Text simplification / plain language,22,5,5,5,5,5,5,5,5,5,5,5,4,4,4,5,
Rater_14,Text simplification / plain language,23,5,4,5,5,5,5,5,5,5,5,5,5,5,5,5,
Rater_14,Text simplification / plain language,24,5,5,5,5,4,5,5,5,5,5,5,5,5,5,5,
Rater_14,Text simplification / plain language,25,5,4,5,5,5,5,5,5,5,5,5,4,5,5,5,More casual will work just fine
Rater_14,Text simplification / plain language,26,5,4,5,5,5,5,5,5,5,5,5,4,4,4,5,
Rater_14,Text simplification / plain language,27,5,5,5,5,5,5,5,5,5,5,4,5,5,5,5,
Rater_14,Text simplification / plain language,28,5,5,5,5,5,5,5,5,5,5,5,5,5,5,5,
Rater_14,Text simplification / plain language,29,5,5,5,5,5,5,5,5,5,5,5,5,1,3,5,He shouldn't be missing his wife if he's home. It should be along the lines of the person missing his wife and wanting to go home instead.
Rater_14,Text simplification / plain language,30,5,5,4,5,5,4,4,4,5,5,5,5,5,5,5,
Rater_15,AI accessibility research,0,5,5,5,4,5,2,3,1,3,4,4,3,4,4,5,
Rater_14,Text simplification / plain language,31,5,4,4,5,4,5,4,4,4,5,5,4,4,4,5,
Rater_14,Text simplification / plain language,32,5,4,4,4,5,4,4,5,5,4,5,5,5,5,4,
Rater_14,Text simplification / plain language,33,5,5,5,5,5,5,5,4,5,5,5,5,5,5,5,
Rater_14,Text simplification / plain language,34,5,5,5,5,5,4,5,4,5,5,5,5,5,5,5,
Rater_14,Text simplification / plain language,35,5,5,5,5,5,5,5,5,5,5,5,5,4,5,5,
Rater_14,Text simplification / plain language,36,5,5,5,5,5,5,4,5,3,5,5,5,5,5,5,
Rater_14,Text simplification / plain language,37,5,4,3,4,5,5,4,5,4,5,5,3,4,5,5,
Rater_15,AI accessibility research,1,5,3,5,5,3,4,5,2,5,5,4,4,4,5,4,"If accuracy means the output should be factually correct and true to the prompt, then rating model B is quite dicey. This is because the prompt says 1 - 2 sentences but B always provides about 4 options and 5 - 6 sentences. 

Model B is probably going to be the most accurate for the user because it gives options unlike the others, but that's against the prompt given and rating rubic."
Rater_14,Text simplification / plain language,38,5,5,5,5,5,4,3,4,4,5,5,3,4,4,5,
Rater_15,AI accessibility research,2,5,3,5,5,3,4,5,2,5,5,4,3,4,5,4,
Rater_14,Text simplification / plain language,39,5,5,5,5,5,4,3,4,3,5,5,4,1,2,4,
Rater_15,AI accessibility research,3,5,3,4,5,4,4,4,2,5,4,5,3,4,2,3,
Rater_14,Text simplification / plain language,40,4,5,5,5,5,3,4,3,4,5,5,5,2,3,5,
Rater_14,Text simplification / plain language,41,5,4,4,4,5,4,3,2,3,4,5,5,4,4,5,
Rater_15,AI accessibility research,4,5,4,4,5,2,3,5,3,5,5,5,4,5,5,3,"For my understanding of what was written, empathy means respecting the users dignity and autonomy which means their ability to make choices or initiate conversation without someone taking over from the. Option B does that because now they have a range of sentences to select from unlike the rest that doesn't really give them a choice. 

And in my opinion empathy from model A and C is not that great when it comes to AAC"
Rater_14,Text simplification / plain language,42,5,4,5,4,5,5,5,4,5,5,3,3,3,4,5,
Rater_15,AI accessibility research,5,5,4,5,5,3,4,5,3,5,5,3,3,3,4,1,
Rater_15,AI accessibility research,6,5,4,4,5,1,5,5,3,5,5,2,2,4,5,2,"I fear that my idea of accuracy is wrong because model C doesn't seem accurate if it's based on trying to figure out the exact needs of the user. 

Since the prompt however said 1 - 2 sentence and to keep it natural and clear, then model C is accurate in that regard and model B isn't."
Rater_15,AI accessibility research,7,4,3,4,5,4,4,5,3,5,5,4,4,4,5,2,
Rater_15,AI accessibility research,8,5,5,5,5,4,4,5,2,5,5,5,3,5,3,2,
Rater_15,AI accessibility research,9,5,3,3,5,4,2,4,3,5,5,2,2,5,5,4,
Rater_15,AI accessibility research,10,4,4,4,5,2,4,4,2,5,5,5,5,5,5,5,
Rater_15,AI accessibility research,11,5,4,3,5,4,5,5,3,5,5,4,4,5,4,3,
Rater_14,Text simplification / plain language,43,3,3,2,3,5,4,3,4,5,5,3,4,3,3,4,
Rater_15,AI accessibility research,12,4,3,5,3,3,4,4,2,4,5,4,3,2,5,5,
Rater_14,Text simplification / plain language,44,5,5,5,5,5,5,4,4,5,5,5,4,3,5,5,
Rater_14,Text simplification / plain language,45,5,5,4,5,5,5,4,4,5,5,5,5,5,5,5,
Rater_14,Text simplification / plain language,46,5,5,5,5,5,5,5,4,5,5,5,4,3,4,5,
Rater_14,Text simplification / plain language,47,5,5,4,5,5,5,5,4,5,5,5,4,3,5,5,
Rater_14,Text simplification / plain language,48,5,4,4,5,4,5,4,4,4,5,5,5,4,5,5,
Rater_14,Text simplification / plain language,49,5,5,5,5,5,5,4,4,4,5,5,5,5,5,5,
Rater_14,Text simplification / plain language,50,5,5,5,5,5,5,5,5,5,5,5,5,4,5,5,
Rater_14,Text simplification / plain language,51,5,5,5,5,5,5,5,4,5,5,5,5,4,5,5,
Rater_14,Text simplification / plain language,52,5,5,5,5,5,5,5,5,5,5,5,3,4,5,5,
Rater_15,AI accessibility research,13,5,3,5,5,3,5,5,2,5,5,3,4,4,5,3,
Rater_15,AI accessibility research,14,5,4,5,5,4,5,5,3,5,5,5,3,3,5,3,
Rater_15,AI accessibility research,15,5,3,4,5,3,4,5,3,5,5,5,3,4,5,3,
Rater_15,AI accessibility research,16,5,2,4,5,2,5,5,2,5,4,3,3,5,5,2,
Rater_15,AI accessibility research,17,4,3,5,5,2,5,5,2,5,5,4,2,5,5,3,
Rater_15,AI accessibility research,18,4,2,4,5,2,4,5,2,5,5,4,3,4,5,3,
Rater_15,AI accessibility research,19,5,3,4,5,2,5,5,2,5,5,5,3,5,5,3,
Rater_15,AI accessibility research,20,5,3,5,5,3,4,5,2,5,5,5,3,5,5,2,
Rater_15,AI accessibility research,21,5,3,5,5,2,5,5,3,4,5,5,3,4,5,4,
Rater_15,AI accessibility research,22,5,3,4,5,3,5,5,3,5,5,5,2,4,5,2,
Rater_14,Text simplification / plain language,53,5,5,5,5,5,5,3,5,4,4,4,5,4,5,5,
Rater_15,AI accessibility research,23,5,3,4,5,2,5,2,5,5,2,4,3,4,5,4,
Rater_14,Text simplification / plain language,54,5,5,5,5,5,4,4,3,5,5,4,4,3,5,4,
Rater_14,Text simplification / plain language,55,5,5,5,5,5,5,4,4,3,4,3,4,4,4,4,
Rater_15,AI accessibility research,24,5,3,5,5,3,5,5,2,4,5,5,3,5,5,3,
Rater_14,Text simplification / plain language,56,5,5,5,5,5,4,4,4,5,4,5,5,4,5,4,
Rater_14,Text simplification / plain language,57,5,5,5,5,5,5,5,5,5,5,5,4,4,5,5,
Rater_14,Text simplification / plain language,58,5,5,5,5,5,4,4,4,4,5,5,4,2,2,5,
Rater_15,AI accessibility research,25,5,5,5,5,5,1,1,1,1,1,4,4,4,4,4,
Rater_14,Text simplification / plain language,59,5,5,4,5,5,5,4,4,5,5,4,3,3,4,5,
Rater_15,AI accessibility research,26,4,3,3,4,4,1,1,2,2,2,5,5,5,5,5,
Rater_15,AI accessibility research,27,5,5,5,5,5,1,1,2,2,1,4,4,4,4,4,
Rater_15,AI accessibility research,28,4,5,5,5,5,1,1,2,2,2,4,4,4,4,4,
Rater_15,AI accessibility research,29,5,3,5,5,5,1,2,2,3,2,5,2,3,3,3,
Rater_15,AI accessibility research,30,5,5,5,5,5,2,1,1,2,1,5,5,5,5,4,
Rater_15,AI accessibility research,31,5,5,4,5,5,2,1,2,2,2,5,5,5,5,5,
Rater_15,AI accessibility research,32,5,5,5,5,5,2,2,2,3,2,4,3,4,5,4,
Rater_15,AI accessibility research,33,5,5,4,5,5,1,2,1,1,1,4,4,4,5,5,
Rater_15,AI accessibility research,34,5,5,4,5,5,1,1,2,2,2,5,5,5,5,5,
Rater_15,AI accessibility research,35,5,5,5,5,5,3,4,3,4,3,5,4,5,5,5,
Rater_15,AI accessibility research,36,4,4,5,5,4,2,1,2,2,3,5,3,5,4,5,
Rater_15,AI accessibility research,37,2,3,4,4,5,2,2,1,2,3,5,3,4,5,5,
Rater_15,AI accessibility research,38,5,5,5,4,4,3,3,2,2,2,3,4,4,3,5,
Rater_15,AI accessibility research,39,5,2,2,4,4,3,3,5,3,3,5,2,2,5,4,
Rater_15,AI accessibility research,40,2,3,4,3,3,4,3,3,4,4,5,5,5,5,5,
Rater_15,AI accessibility research,41,5,5,5,5,5,3,2,3,4,3,5,3,4,4,4,
Rater_15,AI accessibility research,42,4,4,5,5,5,4,3,3,2,3,5,5,3,4,5,
Rater_15,AI accessibility research,43,4,3,2,5,5,1,2,2,2,3,4,4,5,4,5,
Rater_15,AI accessibility research,44,4,4,4,4,3,3,3,2,4,5,5,5,5,5,4,
Rater_15,AI accessibility research,45,3,4,4,4,4,3,2,2,3,2,5,5,5,5,5,
Rater_15,AI accessibility research,46,2,3,3,3,3,2,1,2,1,1,5,5,4,5,5,
Rater_15,AI accessibility research,47,3,2,3,3,4,3,2,2,1,4,5,5,4,5,5,
Rater_15,AI accessibility research,48,3,3,3,3,4,3,2,2,3,2,5,5,5,5,4,
Rater_15,AI accessibility research,49,4,3,4,4,4,2,1,2,2,2,5,5,5,5,5,
Rater_15,AI accessibility research,50,3,3,4,4,4,1,1,2,2,2,5,5,5,5,5,
Rater_15,AI accessibility research,51,4,4,5,4,4,5,2,3,3,4,5,5,5,4,5,
Rater_15,AI accessibility research,52,4,4,4,5,4,2,1,2,2,3,5,5,5,5,5,
Rater_15,AI accessibility research,53,5,4,5,4,5,2,2,2,2,3,5,5,5,5,5,
Rater_15,AI accessibility research,54,4,2,1,4,3,2,2,2,1,2,5,5,4,5,5,
Rater_15,AI accessibility research,55,5,4,4,4,4,2,2,1,2,2,5,5,5,5,5,
Rater_15,AI accessibility research,56,4,4,4,5,3,2,2,2,3,3,5,5,5,5,5,
Rater_15,AI accessibility research,57,5,4,5,5,5,2,2,2,2,2,5,5,5,5,5,
Rater_15,AI accessibility research,58,5,5,5,5,5,3,2,5,3,4,4,4,4,4,4,
Rater_15,AI accessibility research,59,4,4,4,5,5,4,1,1,3,2,4,4,3,4,4,
Rater_12,AI accessibility research,30,4,5,4,4,5,4,4,5,5,5,4,5,3,4,4,
Rater_12,AI accessibility research,31,4,4,5,4,4,4,4,4,4,4,4,4,4,4,4,
Rater_12,AI accessibility research,32,3,4,5,5,4,4,4,4,4,4,5,5,5,5,5,
Rater_12,AI accessibility research,33,4,4,5,4,4,4,5,4,3,4,4,5,5,4,4,
Rater_12,AI accessibility research,34,4,5,4,4,5,4,5,5,5,5,5,4,4,4,5,
Rater_12,AI accessibility research,35,4,5,5,5,5,4,4,4,5,4,5,4,4,4,5,
Rater_12,AI accessibility research,36,4,4,4,5,4,4,4,4,4,5,4,4,4,4,4,
Rater_12,AI accessibility research,37,4,5,4,4,5,4,5,4,5,5,4,5,4,5,5,
Rater_12,AI accessibility research,38,4,4,5,4,4,4,5,3,5,4,4,4,4,5,4,
Rater_12,AI accessibility research,39,4,4,3,5,4,4,5,4,4,4,4,4,4,5,4,
Rater_12,AI accessibility research,40,4,5,4,4,4,4,4,4,4,5,4,4,3,4,3,
Rater_12,AI accessibility research,41,4,4,5,4,4,4,4,3,4,4,4,4,5,4,4,
Rater_12,AI accessibility research,42,4,4,4,4,4,5,4,4,4,4,4,4,4,4,5,
Rater_12,AI accessibility research,43,4,4,4,4,4,4,5,4,5,4,5,5,4,5,4,
Rater_12,AI accessibility research,44,4,4,4,4,4,5,5,4,5,5,5,5,4,4,5,
Rater_12,AI accessibility research,45,4,4,5,5,4,4,4,4,4,4,5,4,4,5,5,
Rater_12,AI accessibility research,46,5,5,4,4,5,5,5,4,4,4,5,4,4,4,5,
Rater_12,AI accessibility research,47,4,5,4,5,4,4,4,4,4,4,4,4,4,4,5,
Rater_12,AI accessibility research,48,5,4,4,4,4,5,5,4,4,4,5,5,5,4,5,
Rater_12,AI accessibility research,49,4,5,4,4,4,4,4,4,4,4,5,5,4,5,4,
Rater_12,AI accessibility research,50,4,5,4,4,4,4,4,4,4,4,5,4,4,5,4,
Rater_12,AI accessibility research,51,5,4,4,4,4,4,4,4,4,4,4,5,4,4,4,
Rater_12,AI accessibility research,52,4,4,5,4,4,4,4,4,4,4,5,4,5,4,4,
Rater_12,AI accessibility research,53,5,4,5,4,5,4,5,4,5,4,4,4,5,4,4,
Rater_12,AI accessibility research,54,4,5,4,4,5,4,4,4,4,4,5,4,4,4,4,
Rater_12,AI accessibility research,55,5,4,4,5,5,4,4,4,4,5,5,4,4,5,4,
Rater_12,AI accessibility research,56,4,4,4,4,4,4,5,4,4,4,5,5,5,4,5,
Rater_12,AI accessibility research,57,4,4,4,4,4,4,4,4,4,4,4,4,4,4,4,
Rater_12,AI accessibility research,58,4,5,4,4,4,4,5,4,4,4,5,5,4,4,4,
Rater_12,AI accessibility research,59,4,5,5,4,4,5,4,4,4,4,5,4,4,4,4,
